,FTSEMIB payout,HSCEI payout,NDX payout,Triggered,Above Strike Lvl
0,9646.232683742352,4505.185704018638,3597.0804109220458,0,0
1,11004.14420371511,5139.3859941914125,4103.4456509490365,0,0
2,5926.261529023855,2767.806831347945,2209.903073557459,0,0
3,10878.118184882389,5080.526682272006,4056.4505453495512,0,0
4,15552.798034367266,7263.793613439658,5799.638779058055,0,0
5,9936.437101349751,4640.723051739001,3705.2976455630865,0,0
6,12444.716824135061,5812.192403480592,4640.635217416438,0,0
7,10945.390633123081,5111.945670598827,4081.5364429942556,0,0
8,9314.580560895398,4350.290580549788,3473.4073259523952,0,0
9,7208.854177020096,3366.8301237852907,2688.1819043258274,0,0
10,12586.940741590448,5878.61679740688,4693.67051982062,0,0
11,9468.006069755422,4421.946576399124,3530.6197020737263,0,0
12,8611.933710220981,4022.125725894427,3211.390297624145,0,0
13,8694.004184692438,4060.4559984923494,3241.9943796233183,0,0
14,11878.025600532135,5547.524394437891,4429.316045850209,0,0
15,11480.834074910616,5362.0196858480485,4281.203315933857,0,0
16,10679.700082709322,4987.857302770596,3982.460430047649,0,0
17,10466.238296948075,4888.161906951806,3902.860524756506,0,0
18,12515.347071577726,5845.179621546178,4666.973238468199,0,0
19,11770.393705420638,5497.255891588067,4389.180109450032,0,0
20,7930.997608945939,3704.1006803256164,2957.469208294189,0,0
21,8868.053558248423,4141.744183760717,3306.8973954096427,0,0
22,8489.26272606301,3964.8333525663584,3165.646284539446,0,0
23,11384.847070741871,5317.189823959954,4245.4097596597685,0,0
24,12418.664460298978,5800.024882650618,4630.920290285256,0,0
25,11905.598304180161,5560.401976222288,4439.597907735588,0,0
26,9001.132425848215,4203.897464888596,3356.522508492151,0,0
27,8021.778961306775,3746.499289633147,2991.3215768778887,0,0
28,8986.610976167025,4197.115353192743,3351.10745953999,0,0
29,7014.43663209984,3276.029168355162,2615.6835969243416,0,0
30,10973.223064222877,5124.944555739781,4091.9151572529468,0,0
31,8461.09998728316,3951.6802002117784,3155.144398538536,0,0
32,13706.812507676797,6401.642774108594,5111.270729623052,0,0
33,16492.375207593097,7702.614631698262,6150.007130638077,0,0
34,11901.408277742099,5558.445062282193,4438.035446771216,0,0
35,12739.533393013717,5949.8838147253655,4750.572323382789,0,0
36,13774.96913114606,6433.474708476651,5136.686336232777,0,0
37,9293.60702483264,4340.495080282424,3465.5862938259093,0,0
38,13673.987398110079,6386.312103659178,5099.030245438194,0,0
39,11348.613038004747,5300.267046784845,4231.898087938736,0,0
40,10530.679958449386,4918.258801942554,3926.8908219547393,0,0
41,5825.264999566186,2720.637315995589,2172.2414651768545,0,0
42,8913.502635386882,4162.970764053572,3323.8453574202176,0,0
43,12262.324304130045,5727.007627144912,4572.621042108963,0,0
44,15071.99384879242,7039.238368474972,5620.346886137467,0,0
45,13860.449718356935,6473.397643377713,5168.562049358439,0,0
46,10047.27525257677,4692.489007500094,3746.629194949561,0,0
47,14514.819461160838,6779.015111572433,5412.576542944842,0,0
48,15309.185694092297,7150.0166739118495,5708.7957312287335,0,0
49,12045.372284418745,5625.682149136421,4491.719628489866,0,0
50,14280.172485506122,6669.425364479508,5325.076679808406,0,0
51,11557.373609467468,5397.766782998104,4309.744910299454,0,0
52,10538.625010359869,4921.969466557261,3929.8535320124306,0,0
53,12141.691597262416,5670.667212784694,4527.637102677212,0,0
54,8850.812499804895,4133.691903397125,3300.4682042814525,0,0
55,19398.142204708758,9059.726818788473,7233.567717108759,0,0
56,9760.944745721046,4558.760934748447,3639.8565417254713,0,0
57,8946.385142882595,4178.328241686436,3336.1072452942453,0,0
58,10253.416429225283,4788.765379063439,3823.4992449180336,0,0
59,8720.392749920285,4072.780539140682,3251.8346762619644,0,0
60,20024.074692838585,9352.0629244638,7466.977957710376,0,0
61,8805.375235925028,4112.470840379818,3283.5246474353035,0,0
62,21308.65471270088,9952.014400951131,7945.997879497694,0,0
63,9280.297175716501,4334.278835668945,3460.6230507549963,0,0
64,9295.449074554015,4341.355392939489,3466.2731942134424,0,0
65,17272.796847944584,8067.103498232036,6441.026379997392,0,0
66,17572.811817651298,8207.222775552838,6552.901969763563,0,0
67,7577.754801308226,3539.121822859427,2825.744956421823,0,0
68,12547.109111634945,5860.013794998931,4678.817304006168,0,0
69,36032.27454107937,16828.54783498413,13436.436084641271,0,0
70,9008.033109606557,4207.120366806401,3359.0957736395835,0,0
71,8998.382082084216,4202.612941716394,3355.4969052332267,0,0
72,15869.806345820743,7411.849477281956,5917.851186389949,0,0
73,12596.15033828504,5882.918056222478,4697.104778660181,0,0
74,11113.954118595437,5190.671721469392,4144.39377097591,0,0
75,10482.750423817497,4895.873746418464,3909.0178972823383,0,0
76,6822.051377846884,3186.1773758947556,2543.943130763921,0,0
77,21139.729904437554,9873.119597539986,7883.005814238177,0,0
78,8563.687135905391,3999.5925998543707,3193.3991488457004,0,0
79,11016.745977789691,5145.271538762792,4108.144852819103,0,0
80,14562.978161445779,6801.507196841485,5430.5349234950445,0,0
81,15702.132108194535,7333.5387415727755,5855.325458952538,0,0
82,9422.980360571415,4400.917726279122,3513.829613984038,0,0
83,8085.548351062698,3776.282206187355,3015.1011839253197,0,0
84,15852.393023586004,7403.716742673176,5911.357758089673,0,0
85,8953.802944447465,4181.792658797338,3338.8733436847674,0,0
86,34674.56837620072,16194.44345405018,12930.147421534051,0,0
87,3792.8540000715802,1771.4181462107463,1414.3553522339241,0,0
88,11726.59647531666,5476.800791508158,4372.848121240254,0,0
89,10358.924154422812,4838.041807572628,3862.8430783037466,0,0
90,10295.864897185402,4808.5905519865155,3839.3282796903695,0,0
91,8051.640105431277,3760.445666838217,3002.456798274631,0,0
92,10862.73610511717,5073.342621081658,4050.7145674173616,0,0
93,9084.997764003228,4243.06601233152,3387.795895204166,0,0
94,32739.08791537981,15290.49481540767,12208.406708905888,0,0
95,10162.893520217158,4746.487473385616,3789.743249867074,0,0
96,7437.674794981411,3473.6987232294505,2773.5091185315287,0,0
97,9953.09385193943,4648.502436405773,3711.5089482778476,0,0
98,6929.426048722009,3236.325744492127,2583.98314823987,0,0
99,8905.72761120066,4159.3395093492145,3320.9460507051895,0,0
100,9972.959399099906,4657.780460480468,3718.916811314743,0,0
101,17471.674779536515,8159.987636903379,6515.187965701179,0,0
102,8691.792504264531,4059.423053157902,3241.169643936001,0,0
103,8529.094649629673,3983.4364921027427,3180.499609841506,0,0
104,10579.847983729513,4941.22228331909,3945.2255798210863,0,0
105,8417.670742017612,3931.3969641214417,3138.949631884283,0,0
106,9383.901441139395,4382.6662705112785,3499.2570839427667,0,0
107,10367.504048709632,4842.048969575689,3866.042521099577,0,0
108,6780.0199390368825,3166.5469726633164,2528.2696061721767,0,0
109,7545.118616781273,3523.8793881406013,2813.5749223890552,0,0
110,8226.979008363136,3842.3361151350186,3067.8406795977244,0,0
111,11619.184449993034,5426.634976853565,4332.794174289517,0,0
112,8507.232028486636,3973.225752692321,3172.347037866172,0,0
113,12835.583480777488,5994.743139235793,4786.389403531055,0,0
114,8125.186968197309,3794.795063703522,3029.882425253995,0,0
115,14007.322451240194,6541.993224491054,5223.330895152856,0,0
116,11529.829136109423,5384.902385915238,4299.473575489921,0,0
117,10678.328651317284,4987.216788146493,3981.9490232469884,0,0
118,5572.130099346714,2602.4129509977383,2077.8474545041913,0,0
119,20187.732274137576,9428.49771717465,7528.005873902119,0,0
120,12139.082135993256,5669.448487507122,4526.664034504164,0,0
121,9597.510455099966,4482.43042792857,3578.9118906331496,0,0
122,17114.975238377105,7993.39434331947,6382.174697811437,0,0
123,13580.923982755112,6342.847677476408,5064.326895506458,0,0
124,14802.009970779878,6913.144840834113,5519.669891221052,0,0
125,7661.472633006633,3578.221478746307,2856.963337972452,0,0
126,10389.097154379357,4852.133834222646,3874.094590748118,0,0
127,7720.4612190209555,3605.771564165654,2878.9601831841296,0,0
128,14950.116206749452,6982.316518404229,5574.89871034745,0,0
129,7658.406197732725,3576.7893278941306,2855.8198641815147,0,0
130,8504.291887144815,3971.852586278526,3171.2506590856938,0,0
131,30355.17960323413,14177.112005798394,11319.447239215111,0,0
132,7738.625682362325,3614.255112432599,2885.7337120220013,0,0
133,6452.8063420927265,3013.724822561354,2406.251647623562,0,0
134,17575.17929912658,8208.328486356906,6553.784803665374,0,0
135,15841.360490871997,7398.564098082088,5907.243726362521,0,0
136,14399.794509374675,6725.293748488808,5369.683735524326,0,0
137,7748.653538401995,3618.9385318724,2889.473099791969,0,0
138,8463.621576149766,3952.857885478731,3156.084699090455,0,0
139,17253.767093167946,8058.215823428673,6433.930183961497,0,0
140,8239.2036061648,3848.045502940504,3072.3992324261126,0,0
141,9976.490841502076,4659.429788704911,3720.2336862755315,0,0
142,11290.942208645614,5273.3324076893605,4210.392634216996,0,0
143,10608.290583366514,4954.506142155059,3955.831825942683,0,0
144,11979.558957386285,5594.944630169013,4467.177837180492,0,0
145,11132.414584483367,5199.293515047728,4151.277679170856,0,0
146,7490.525954697912,3498.382379222623,2793.217317322042,0,0
147,12660.20973803596,5912.836419321085,4720.992530442057,0,0
148,18666.5285991794,8718.033303344715,6960.748985164932,0,0
149,8234.161716815466,3845.690734134632,3070.519111760654,0,0
150,13898.8573667574,6491.335588083359,5182.88426241512,0,0
151,18778.210161861156,8770.193166795272,7002.395042704136,0,0
152,7699.172744573436,3595.828974774982,2871.0217105260267,0,0
153,12106.303836493005,5654.139679275754,4514.441005794272,0,0
154,15019.629729268305,7014.782180197328,5600.820304646972,0,0
155,6628.961939162665,3095.9967004665905,2471.9400742113316,0,0
156,21572.108721562035,10075.058212281547,8044.239886042956,0,0
157,6692.11262222079,3125.4906556551255,2495.4889655155584,0,0
158,10661.134667514536,4979.186493567986,3975.537386253531,0,0
159,13439.519894095332,6276.806177171994,5011.597307280825,0,0
160,9808.299830580763,4580.877698703576,3657.5152540633485,0,0
161,7214.3178447742075,3369.3818803792215,2690.2193061690596,0,0
162,34806.14225991947,16255.893846072235,12979.211326089382,0,0
163,9604.831171608112,4485.849502342071,3581.6417860035717,0,0
164,8223.53628747784,3840.7282234923564,3066.556888892816,0,0
165,8781.050261785633,4101.110081279726,3274.4538639655575,0,0
166,6293.865478926416,2939.49293038151,2346.9825957423905,0,0
167,13945.436382344249,6513.08989590581,5200.253578501584,0,0
168,10022.759025976515,4681.038925668448,3737.4870934323408,0,0
169,10208.867003686186,4767.958972910781,3806.886763011538,0,0
170,7555.419470769334,3528.6903088023446,2817.4161111008593,0,0
171,19378.99151546326,9050.782662635538,7226.426424606378,0,0
172,10976.15923064177,5126.315865701784,4093.0100537845647,0,0
173,23231.183995279025,10849.914308966621,8662.909097432665,0,0
174,13495.718359495993,6303.053162001372,5032.553716445336,0,0
175,22048.958274969842,10297.766482070772,8222.05709652877,0,0
176,10744.149198384772,5017.957679165937,4006.4935069076064,0,0
177,11352.161955637377,5301.924536657571,4233.221479413402,0,0
178,22984.287828384593,10734.603687925472,8570.841510574171,0,0
179,9714.548164690576,4537.091831335038,3622.555255489681,0,0
180,8927.41967286933,4169.470590500209,3329.035021048232,0,0
181,12539.746424786048,5856.575118717494,4676.071757894622,0,0
182,8860.50169860427,4138.217156036729,3304.0813067579766,0,0
183,11489.1019354742,5365.881115323689,4284.286401346428,0,0
184,7185.917477863274,3356.117745955877,2679.6288086320787,0,0
185,10921.00872751851,5100.558322172992,4072.4444297797113,0,0
186,10191.336013665015,4759.771282626907,3800.3494563907366,0,0
187,8183.185019283619,3821.88252874626,3051.5098999660486,0,0
188,14938.545599750974,6976.912571086617,5570.584030706054,0,0
189,7752.501742903009,3620.7358009693107,2890.908095347399,0,0
190,16473.467194756282,7693.783815366476,6142.956332174612,0,0
191,12057.29231651859,5631.249292286322,4496.164608760369,0,0
192,7872.168910216767,3676.6252688162745,2935.5319850551737,0,0
193,10090.69055369664,4712.765731103347,3762.818761831539,0,0
194,10833.966480168081,5059.9060280323265,4039.9863735486447,0,0
195,13049.142611888758,6094.483999319615,4866.025608905674,0,0
196,9800.317251732293,4577.149507471994,3654.538550209536,0,0
197,8506.188754139423,3972.738500847115,3171.9580008357975,0,0
198,11003.974182954365,5139.3065875333095,4103.382250203069,0,0
199,12719.500831254903,5940.527787993522,4743.102180597963,0,0
200,7508.70743998491,3506.873877435273,2799.997193643868,0,0
201,7852.959009542754,3667.653458501348,2928.3686126096063,0,0
202,9824.282720952217,4588.342363051942,3663.4752742857477,0,0
203,25506.930219285583,11912.780993869263,9511.5349217299,0,0
204,11117.39522708582,5192.278860057598,4145.676960418715,0,0
205,4771.668077878093,2228.5644057715604,1779.3551465211356,0,0
206,8045.619367041503,3757.633735443802,3000.211664777318,0,0
207,12565.744596097222,5868.717329418997,4685.766476631899,0,0
208,12952.093468145413,6049.158074752538,4829.835980757444,0,0
209,10400.035595324092,4857.24253410416,3878.1735356521385,0,0
210,9947.915520289062,4646.083943457616,3709.577948274894,0,0
211,14697.772240517977,6864.461551969773,5480.799638978848,0,0
212,7563.639484149621,3532.5293916839055,2820.4813542975717,0,0
213,15417.541548303347,7200.6232953093495,5749.201631995381,0,0
214,12339.197153160578,5762.910395804352,4601.286929450199,0,0
215,8194.539631454118,3827.1855976336005,3055.744035130645,0,0
216,10823.643538006574,5055.084791289009,4036.136948156406,0,0
217,8592.97502047859,4013.2712413723716,3204.320601741312,0,0
218,19191.124923093517,8963.04127032667,7156.370967576109,0,0
219,10803.753798111466,5045.795468216479,4028.7200636481557,0,0
220,12558.99981002798,5865.567238106456,4683.251345736663,0,0
221,9891.296161538274,4619.640384196947,3688.46458796951,0,0
222,14166.478991329088,6616.325846626329,5282.680372963896,0,0
223,8051.602786653985,3760.4282374409113,3002.442882101638,0,0
224,9578.887588040605,4473.732786352384,3571.967423037283,0,0
225,5885.0135209754335,2748.5423223658854,2194.521690316456,0,0
226,9307.063763506258,4346.77992833479,3470.6043120165077,0,0
227,11611.334363370495,5422.968664917427,4329.866876790094,0,0
228,18038.113998199333,8424.537949318728,6726.413164618889,0,0
229,14918.451976217197,6967.528026005213,5563.091117983805,0,0
230,8991.41994036636,4199.361336414618,3352.900722411143,0,0
231,8173.13148908104,3817.187118420951,3047.760938300085,0,0
232,15534.220190061935,7255.116999333414,5792.711100448301,0,0
233,13343.021584767666,6231.7375148352785,4975.613085300085,0,0
234,9332.187260444713,4358.513630283827,3479.9728646581507,0,0
235,10752.45153624742,5021.835210952182,4009.589448905866,0,0
236,13622.099235629441,6362.078206812635,5079.6811483412075,0,0
237,15863.750026006826,7409.020927905307,5915.592784578677,0,0
238,15515.48208105322,7246.365535047395,5785.7236591266155,0,0
239,11409.886585796048,5328.884302929734,4254.746995454647,0,0
240,8268.018954066501,3861.503450481191,3083.1444763850113,0,0
241,13150.12969008715,6141.649100546832,4903.683692911457,0,0
242,9671.80568765265,4517.129344132117,3606.6165847248203,0,0
243,31354.024005079365,14643.613246984129,11691.916341841272,1,0
244,13789.656642155393,6440.334377613431,5142.163309458388,0,0
245,10705.181846346555,4999.758329940004,3991.9625803502972,0,0
246,8196.590280962006,3828.143334933725,3056.508722383828,0,0
247,6548.516901282494,3058.4255733230575,2441.9421175580214,0,0
248,10275.814387339791,4799.226142763112,3831.8514440635236,0,0
249,20086.52044622108,9381.227648624936,7490.263980720791,0,0
250,7555.254665830549,3528.6133381467,2817.354655335032,0,0
251,10444.499790773636,4878.0091343145805,3894.7542352560913,0,0
252,19043.853510975536,8894.259489683664,7101.453454285014,0,0
253,8255.485075134571,3855.649615721928,3078.4705926153506,0,0
254,12783.601764926067,5970.465549133816,4767.005420379745,0,0
255,14562.80021840978,6801.424090156399,5430.468568532435,0,0
256,15284.720026684097,7138.590205293436,5699.672483235505,0,0
257,9059.157324612122,4230.997468896259,3378.159994703857,0,0
258,10856.291319548794,5070.332642288896,4048.3113067164595,0,0
259,11769.066844029518,5496.63619297966,4388.685322803837,0,0
260,25398.832383029836,11862.294877423461,9471.225235865291,0,0
261,10299.800122690502,4810.428463456093,3840.795725380417,0,0
262,8025.016308276828,3748.0112632467426,2992.5287836446255,0,0
263,12097.003059868344,5649.7958356987365,4510.972745956489,0,0
264,13691.83550505569,6394.647900533607,5105.6858049681105,0,0
265,9293.245328909212,4340.326153473705,3465.4514174069454,0,0
266,11337.654772407175,5295.149087978581,4227.811750421175,0,0
267,9341.123280134534,4362.687117434439,3483.3051066257367,0,0
268,14655.351523291032,6844.649339775562,5464.980952455613,0,0
269,9962.785370960655,4653.028772684001,3715.122915965159,0,0
270,28525.605496337666,13322.625971605527,10637.199008634978,1,0
271,9111.38674866148,4255.390748871028,3397.63634824842,0,0
272,36452.85617793651,17024.9766834127,13593.270987626986,0,0
273,24802.992687034697,11584.013338060606,9249.036598209252,0,0
274,14664.407475193924,6848.8788401812435,5468.357917148476,0,0
275,11603.861247229534,5419.4784136342005,4327.080151592752,0,0
276,9086.88808344454,4243.94886892458,3388.500795371481,0,0
277,9279.263093020418,4333.7958767012415,3460.2374412915606,0,0
278,8658.611987088078,4043.926392799787,3228.796628244514,0,0
279,23256.993513490226,10861.968410944555,8672.533467424208,0,0
280,10087.469128185783,4711.261193463223,3761.617492177337,0,0
281,8186.764668075642,3823.554371328951,3052.8447510908263,0,0
282,10746.945372347178,5019.2636069176715,4007.536200248672,0,0
283,18782.879615422287,8772.373992835746,7004.136282054786,0,0
284,11783.123939015959,5503.201432016418,4393.927213878621,0,0
285,10394.912754164872,4854.849957487863,3876.2632280547327,0,0
286,9525.258529550407,4448.685819774724,3551.9691457744498,0,0
287,9266.289577360212,4327.7367135854975,3455.3996169748443,0,0
288,9812.015111398528,4582.612886996807,3658.9006823739455,0,0
289,9666.632990323315,4514.713482642624,3604.687685760322,0,0
290,11159.99870370073,5212.176428370507,4161.563797922329,0,0
291,9861.679783886058,4605.808322958319,3677.4206399964523,0,0
292,11420.081920118999,5333.64594158654,4258.5488358806715,0,0
293,13937.474015847085,6509.371144670042,5197.284411834082,0,0
294,8937.717106133863,4174.279913543978,3332.8749341721464,0,0
295,29221.33235219801,13647.558905289214,10896.635570722627,1,0
296,11679.80373247003,5454.946664302647,4355.399106253231,0,0
297,18936.81982958529,8844.270377140223,7061.540591796573,0,0
298,8757.968256545806,4090.329839558851,3265.846583629794,0,0
299,33467.596807801936,15630.738302683507,12480.067693253772,0,0
300,8571.387699807803,4003.189078556829,3196.2706893190193,0,0
301,8850.638519646292,4133.610647538074,3300.4033270759237,0,0
302,22448.435069366667,10484.338504766947,8371.022003229038,0,0
303,16709.360691385486,7803.955738803072,6230.921023013856,0,0
304,35953.535513174604,16791.773484365083,13407.074299150794,0,0
305,17839.316795503466,8331.691514347927,6652.2816827224815,0,0
306,9067.210664888911,4234.758708612749,3381.1630854960736,0,0
307,17211.444082870992,8038.449244372142,6418.147932354917,0,0
308,13798.608676961414,6444.515344479173,5145.50152346321,0,0
309,10453.944666875726,4882.420278248842,3898.2762297926392,0,0
310,13509.89216588435,6309.672910042489,5037.839129204837,0,0
311,9776.052645215119,4565.816942523706,3645.4902778276387,0,0
312,10070.772032251476,4703.4629658682525,3755.391144682547,0,0
313,13694.86347931704,6396.0620885178305,5106.814936646496,0,0
314,7832.850526898212,3658.2619736066927,2920.8701589245784,0,0
315,16012.646305096732,7478.561587967133,5971.116210804561,0,0
316,9621.946825180781,4493.843213495285,3588.024213652258,0,0
317,10093.808182245648,4714.221791311504,3763.9813255960503,0,0
318,8996.15678850591,4201.5736384832135,3354.6670932017832,0,0
319,9857.61538173347,4603.910080704212,3675.9050243313,0,0
320,11885.516735195566,5551.023061109019,4432.109490155032,0,0
321,10000.708915709512,4670.7406211589205,3729.264606757954,0,0
322,8938.170876930491,4174.491843089209,3333.044145313647,0,0
323,27666.732942222225,12921.497315555556,10316.925411555556,0,0
324,11324.762580743389,5289.127906499613,4223.004251824773,0,0
325,13031.390028598182,6086.192815904052,4859.405670149126,0,0
326,8163.08000717723,3812.4926647350503,3044.012740444785,0,0
327,8059.451240997185,3764.093787035751,3005.3695709240546,0,0
328,17470.658020553878,8159.51276881931,6514.808816250923,0,0
329,15410.439286873609,7197.306248363822,5746.553198529205,0,0
330,9550.23306213004,4460.3499492676765,3561.2821496029333,0,0
331,8497.982136063247,3968.90567412115,3168.8977527483253,0,0
332,10977.093319239371,5126.752123330452,4093.358375446155,0,0
333,8557.580315092231,3996.7404644429143,3191.121915210537,0,0
334,8917.575494274814,4164.872955949411,3325.3641266021928,0,0
335,13400.189292481884,6258.437175518323,4996.930924947756,0,0
336,11319.410432151257,5286.628233921354,4221.008435479854,0,0
337,3627.048721064233,1693.980290715753,1352.5265595125975,0,0
338,10026.690146789484,4682.8749200787015,3738.953008482589,0,0
339,12516.96759793223,5845.936473718903,4667.577532786643,0,0
340,11591.336101076724,5413.628657440419,4322.409524276646,0,0
341,9300.34490739058,4343.641947372469,3468.0988504016077,0,0
342,7881.479039094308,3680.9734802783887,2939.003732348291,0,0
343,14219.041225068111,6640.874562355676,5302.280831250124,0,0
344,8645.49131494355,4037.7985015793874,3223.903929271085,0,0
345,8848.556115001162,4132.638079288396,3299.6267983312628,0,0
346,13815.546145584463,6452.4258359637315,5151.81750593969,0,0
347,12235.113359148938,5714.299001473012,4562.474080039597,0,0
348,8289.798905469568,3871.675579737486,3091.2662208122265,0,0
349,6109.534914386102,2853.4030078794,2278.24572357885,0,0
350,16219.242900955187,7575.050658952235,6048.1560866079,0,0
351,8869.647677944613,4142.488702942581,3307.491842684535,0,0
352,8020.441269060406,3745.8745325717837,2990.822751405498,0,0
353,20216.098735127365,9441.746016144278,7538.583727920252,0,0
354,6613.651305749345,3088.846007648511,2466.2307386255666,0,0
355,13892.484573971786,6488.3592328684545,5180.507847824725,0,0
356,31603.24144076706,14760.007995614304,11784.849529891284,0,0
357,9414.233279114118,4396.832481020656,3510.567827088122,0,0
358,8452.071895023948,3947.4637114006264,3151.7778227075028,0,0
359,19951.908640024492,9318.35842239415,7440.0672347968975,0,0
360,8551.965478163602,3994.1181056536752,3189.0281423783167,0,0
361,22784.11389077301,10641.11426136781,8496.196644192985,0,0
362,8815.669348697005,4117.278612617578,3287.36332234746,0,0
363,6712.683351178714,3135.0980285084333,2503.159790862499,0,0
364,7055.564902623925,3295.2377550097644,2631.020330039502,0,0
365,9226.116450727943,4308.974218244237,3440.419057041019,0,0
366,10725.071260054363,5009.047500669708,3999.3793432232956,0,0
367,16724.995764308573,7811.257958158934,6236.751342100992,0,0
368,11161.569900230083,5212.91024149469,4162.14969714773,0,0
369,13791.619146711155,6441.2509476111245,5142.895127456702,0,0
370,7705.542426721138,3598.8038771945903,2873.3969651594666,0,0
371,7808.3257643144325,3646.807905121168,2911.724874338886,0,0
372,17477.659736284637,8162.782856805783,6517.4197562234185,0,0
373,8324.34965705549,3887.812195679826,3104.150196949545,0,0
374,9854.244486653817,4602.335734654257,3674.648017471127,0,0
375,16827.052623607215,7858.922690970552,6274.808347506023,0,0
376,11946.001671845559,5579.2720035550465,4454.66432455647,0,0
377,8221.973485680322,3839.99833105173,3065.974120063128,0,0
378,8784.975985435127,4102.943554993608,3275.9177664134113,0,0
379,10946.976764653342,5112.686458980063,4082.1279114818713,0,0
380,13352.226831486814,6236.036742034199,4979.045722033694,0,0
381,9426.712995802838,4402.661019794243,3515.221513755925,0,0
382,7097.673526484842,3314.904206820929,2646.7226369386785,0,0
383,6607.833283997943,3086.12875322604,2464.0611981678126,0,0
384,18658.747865166435,8714.399381917434,6957.847549255364,0,0
385,8068.152944790936,3768.1578390669947,3008.61443648809,0,0
386,29502.63151679204,13778.937135156848,11001.532036290504,1,0
387,11568.89123105484,5403.145983958824,4314.039831679713,0,0
388,8326.15347269253,3888.654651453712,3104.8228398460656,0,0
389,9521.521743200436,4446.9405875172415,3550.575698050352,0,0
390,11102.336596630133,5185.245862940972,4140.061596742204,0,0
391,8081.928052086296,3774.5913783038177,3013.7511743457617,0,0
392,9669.417007782697,4516.013732809602,3605.7258459411023,0,0
393,10365.469401495577,4841.098706002125,3865.283801102168,0,0
394,12099.95493798166,5651.174483665473,4512.073501379354,0,0
395,17202.71727239844,8034.373466493708,6414.893704509725,0,0
396,12190.09456305474,5693.2733800490605,4545.686569841272,0,0
397,11308.437387486862,5281.50337268564,4216.916586847901,0,0
398,12429.25515804763,5804.971172218485,4634.86956174269,0,0
399,11842.79180392174,5531.068768496481,4416.177362206046,0,0
400,24575.940209965564,11477.9705328235,9164.368723786814,0,0
401,12757.920352809238,5958.471277948263,4757.428821154022,0,0
402,10216.003884181682,4771.292188377767,3809.548105928209,0,0
403,11639.224169549829,5435.994346570198,4340.266986217391,0,0
404,11961.251137402647,5586.394128479267,4460.350850647104,0,0
405,8429.547503199821,3936.9438979807414,3143.378476428509,0,0
406,13176.757429281997,6154.085345232609,4913.613177528425,0,0
407,8205.771462475852,3832.4313226962313,3059.9323852017733,0,0
408,17355.720230723895,8105.832113938752,6471.948511526063,0,0
409,5988.139693282451,2796.7064681438296,2232.977442569265,0,0
410,5940.972014491391,2774.6772304975752,2215.3886139591136,0,0
411,16427.73038258151,7672.422851028092,6125.901073761742,0,0
412,10944.054995970799,5111.321873350565,4081.0383838665016,0,0
413,29810.16156079274,13922.566259936644,11116.209997450336,0,0
414,13398.233800883994,6257.523880859156,4996.20172208161,0,0
415,32223.7012880721,15049.788153904225,12016.219022591391,0,0
416,7433.371308487702,3471.688818796856,2771.9043483095465,0,0
417,11758.026119845086,5491.479722636419,4384.5682364771565,0,0
418,8355.754479715004,3902.47953397878,3115.861056110905,0,0
419,8631.964580266966,4031.4809625270996,3218.859809569215,0,0
420,8046.05135836677,3757.8354930839764,3000.3727543533996,0,0
421,19221.956011727376,8977.4406513396,7167.867881304841,0,0
422,25051.936198186813,11700.280152714677,9341.867639793047,0,0
423,20840.405690397005,9733.322931403698,7771.387807277333,0,0
424,8981.253024395088,4194.612970291858,3349.1094791891755,0,0
425,12254.10428206594,5723.168540207651,4569.555795674055,0,0
426,8712.045498872245,4068.8820310575356,3248.7219861357394,0,0
427,9414.95587553621,4397.169963142156,3510.837283312135,0,0
428,13891.786737018196,6488.033314432717,5180.247624407141,0,0
429,14269.104725238054,6664.256267178005,5320.949511725456,0,0
430,9819.812049798598,4586.25437653648,3661.8081608998696,0,0
431,10549.370989001,4926.988278661109,3933.860707718584,0,0
432,9710.343454551074,4535.128059505031,3620.987318972672,0,0
433,17026.673898023444,7952.154001182849,6349.247125767728,0,0
434,15598.12494359413,7284.963136314674,5816.541184651317,0,0
435,10656.781215018313,4977.153252965967,3973.9139837079515,0,0
436,8203.591883318357,3831.413369969705,3059.1196200790023,0,0
437,7730.903091178451,3610.648346087619,2882.85395757487,0,0
438,13364.006575915337,6241.538365096416,4983.438389028025,0,0
439,12200.295313821456,5698.037548406924,4549.490430059314,0,0
440,6115.903261355497,2856.377286716059,2280.620480324266,0,0
441,11402.607760057372,5325.484793221121,4252.032721153217,0,0
442,10586.260144174774,4944.217024843265,3947.6166746127565,0,0
443,6698.880953298411,3128.6517434508155,2498.012876345014,0,0
444,9075.9025098405,4238.818156160955,3384.4042746976183,0,0
445,13466.89922295186,6289.593445009514,5021.807059701579,0,0
446,8837.877041395997,4127.650514576293,3295.6445715147074,0,0
447,10290.921167133687,4806.281627592533,3837.4847626294663,0,0
448,19081.71558614003,8911.942629345333,7115.572223068251,0,0
449,17159.490649507865,8014.184863350449,6398.774495744207,0,0
450,14814.414224292508,6918.9381352140335,5524.295437668588,0,0
451,7144.49889260092,3336.7735704292872,2664.1838171437003,0,0
452,16334.384357301195,7628.826434436501,6091.092338581719,0,0
453,7666.250743588198,3580.453052065139,2858.7450955287595,0,0
454,10442.475664358337,4877.063784384892,3893.9994384648035,0,0
455,5916.287978040298,2763.1487745932964,2206.1839361442853,0,0
456,18849.62755154186,8803.54801252174,7029.026589116304,0,0
457,11844.074366868186,5531.667777917079,4416.655629961106,0,0
458,9096.575403581535,4248.473244151915,3392.1131972947564,0,0
459,12120.581092406692,5660.807742481751,4519.7649948843755,0,0
460,10418.41591149212,4865.826894480942,3885.0275560145124,0,0
461,12079.059990175683,5641.415687332438,4504.281774815801,0,0
462,7602.918908666016,3550.874491537405,2835.12865268986,0,0
463,10011.295632614701,4675.685051509863,3733.2123937587608,0,0
464,8181.144760303165,3820.92964424797,3050.749087340808,0,0
465,9157.907787194368,4277.117979034956,3414.9840446899993,0,0
466,11299.936277933784,5277.533006379696,4213.746522881269,0,0
467,11148.307966929555,5206.7163755293905,4157.204321885668,0,0
468,12220.69563611439,5707.565334369041,4557.097710756583,0,0
469,10036.244236380957,4687.3370711851085,3742.5157287320817,0,0
470,18825.306946929722,8792.189294169822,7019.957435043384,0,0
471,11301.362223456708,5278.198981335435,4214.278258002712,0,0
472,13609.339465679188,6356.118871696935,5074.923029805121,0,0
473,6283.334560249979,2934.5745600884916,2343.0556159024923,0,0
474,7975.309226933123,3724.7960206126336,2973.993011758582,0,0
475,10031.374935135582,4685.06290809176,3740.6999661749396,0,0
476,14095.060401359737,6582.9704403159085,5256.048378964062,0,0
477,7595.215307316572,3547.276594222791,2832.2559795524658,0,0
478,7113.9440676600725,3322.503215874778,2652.7899221530565,0,0
479,8745.527374908219,4084.51943834455,3261.207378553538,0,0
480,10660.467997996693,4978.875131601138,3975.288785173523,0,0
481,6571.772930924016,3069.2870915663198,2450.6142915975643,0,0
482,12750.314917667616,5954.919228272889,4754.592754198002,0,0
483,16608.428111392586,7756.816090469675,6193.2832613902765,0,0
484,13451.186751386986,6282.255077318241,5015.947878658972,0,0
485,28767.451820943774,13435.578109492602,10727.383509176863,1,0
486,9463.227347414886,4419.714717363798,3528.8377163924815,0,0
487,7774.405477103442,3630.9657418612333,2899.0759983828725,0,0
488,16571.20013978176,7739.429103135915,6179.400949838184,0,0
489,5744.882103094523,2683.095211434697,2142.2666810563437,0,0
490,9450.670469526078,4413.8501411498,3524.155256311222,0,0
491,18692.88160315032,8730.341235429727,6970.576021009972,0,0
492,16174.08121023626,7553.958299886594,6031.315291000413,0,0
493,12507.122322300735,5841.338326806908,4663.906229255486,0,0
494,8308.535878972829,3880.4265136959557,3098.253238703899,0,0
495,7697.098677816302,3594.8603006604576,2870.24829098001,0,0
496,22104.872787582368,10323.880849319416,8242.907619691428,0,0
497,8282.041399234142,3868.0525066335595,3088.373446541491,0,0
498,13207.035637804467,6168.226508591506,4924.903922249684,0,0
499,11929.755650111303,5571.684446084273,4448.606182642249,0,0
500,10061.123361276539,4698.956641382392,3751.7931550327776,0,0
501,10298.442606906363,4809.794447990761,3840.2895077102926,0,0
502,15417.731914452888,7200.712204097223,5749.272619537345,0,0
503,9889.82042844729,4618.951156407983,3687.914287062683,0,0
504,9535.030073125341,4453.249530796768,3555.6129546198567,0,0
505,7825.592719522485,3654.872280334338,2918.1637223712205,0,0
506,11163.327360862777,5213.731047583177,4162.805054261963,0,0
507,8407.842946764384,3926.806981261968,3135.284846786623,0,0
508,13642.417288705434,6371.567569681283,5087.257750845406,0,0
509,21203.084158806792,9902.708628867636,7906.630617289448,0,0
510,34797.976378476684,16252.080045022347,12976.16626869353,0,0
511,10075.9432778213,4705.8781493266,3757.3195022858868,0,0
512,8092.025199231888,3779.307159527752,3017.516400770874,0,0
513,6829.0508030292385,3189.446394101318,2546.553216590857,0,0
514,9787.478419537132,4571.153247050097,3649.7509493603297,0,0
515,10908.81772761559,5094.864625962149,4067.898405608611,0,0
516,14093.810462759262,6582.38666780094,5255.582276828438,0,0
517,16328.286292537818,7625.978388458879,6088.818370077741,0,0
518,8835.80054057091,4126.680703652353,3294.87024430469,0,0
519,8532.983946328952,3985.2529529390868,3181.949928678705,0,0
520,12773.273773776316,5965.64195430622,4763.154112219664,0,0
521,6377.170832424333,2978.3999420566042,2378.0471641616587,0,0
522,9100.800678329682,4250.446620496339,3393.688802354847,0,0
523,11464.16723822153,5354.235590559799,4274.988252112373,0,0
524,7915.714964919834,3696.9630596976117,2951.770309951621,0,0
525,20338.327985950105,9498.832081914556,7584.1630186331095,0,0
526,10088.42833623879,4711.709182906281,3761.9751808844826,0,0
527,9843.202258204583,4597.17856175775,3670.5303702040633,0,0
528,12156.457177662935,5677.563343524322,4533.143187980764,0,0
529,10166.393837469579,4748.12226489046,3791.0485182587354,0,0
530,34987.34992185955,16340.525245168279,13046.783667794576,0,0
531,9117.713767850284,4258.345725941662,3399.9956938634114,0,0
532,19069.41660116801,8906.198499684922,7110.985931262161,0,0
533,10892.097010953168,5087.055366519813,4061.663249943711,0,0
534,11980.464369066289,5595.367494502763,4467.515465218788,0,0
535,7811.130043144106,3648.117618177833,2912.7705899851594,0,0
536,12752.945124483786,5956.147642570502,4755.5735583860505,0,0
537,16152.439819798758,7543.850884275685,6023.245215960749,0,0
538,10992.635386309914,5134.010905144323,4099.154012648533,0,0
539,12135.410404529972,5667.733638545904,4525.294845748952,0,0
540,10077.37343432999,4706.546090985141,3757.852807684027,0,0
541,8373.008762540634,3910.5379906703893,3122.295178611515,0,0
542,10810.738541948012,5049.0576296333065,4031.32467480087,0,0
543,25398.410568498348,11862.097872762746,9471.067941215864,0,0
544,9738.294220403566,4548.182211821639,3631.4101602636265,0,0
545,6734.515839398829,3145.2946946098214,2511.301126270115,0,0
546,15674.671748702098,7320.7136291098495,5845.085490205609,0,0
547,15917.810306952797,7434.269293029598,5935.751864706135,0,0
548,12735.327451596153,5947.919467838079,4749.0039277221595,0,0
549,10990.41506898683,5132.973926026122,4098.3260562627875,0,0
550,13085.824849038663,6111.616106310741,4879.704416063531,0,0
551,18582.269184569173,8678.68070605865,6929.328647332833,0,0
552,9750.818708507459,4554.031660679628,3636.0805421932755,0,0
553,8050.091807851445,3759.722548461238,3001.8794380680833,0,0
554,10595.030494194458,4948.313137473278,3950.887138356173,0,0
555,12145.021219471026,5672.22228271363,4528.878718882734,0,0
556,30127.042749655637,14070.56275232311,11234.375000765,1,0
557,11586.017547428783,5411.1446750769055,4320.426235487263,0,0
558,25850.965115401945,12073.459379564772,9639.825543163852,0,0
559,8496.728058496501,3968.31996853943,3168.430107192074,0,0
560,11501.467991411124,5371.656569871455,4288.89770391702,0,0
561,11282.198386551065,5269.248684686778,4207.132062737531,0,0
562,7512.253984485021,3508.5302589579264,2801.319700177358,0,0
563,11115.307385808292,5191.3037526779435,4144.898404353697,0,0
564,9714.626778465326,4537.128547187304,3622.584570568267,0,0
565,12922.229986722372,6035.210605933331,4818.699887782017,0,0
566,6588.713655941351,3077.19910392037,2456.931488383557,0,0
567,32696.450107810066,15270.581213132904,12192.507069388352,0,0
568,14206.212779607946,6634.883152964389,5297.49710361466,0,0
569,11937.394685118232,5575.252188272756,4451.454778988892,0,0
570,7244.419177728429,3383.4404356041873,2701.444093986459,0,0
571,10218.67778786721,4772.541010902883,3810.5452046799437,0,0
572,17565.001384696767,8203.574983503591,6549.989459117939,0,0
573,9996.951324352092,4668.985672110934,3727.8634008460535,0,0
574,8833.68810961297,4125.69411188493,3294.0825187472255,0,0
575,10738.449976237216,5015.2959090236445,4004.3682668251213,0,0
576,14159.470708226338,6613.052691408184,5280.066984018221,0,0
577,10947.6301883733,5112.9916346168475,4082.371573203515,0,0
578,13303.27882981335,6213.176020692568,4960.793010975817,0,0
579,8860.509648591877,4138.220869006515,3304.0842713085553,0,0
580,9698.90164015172,4529.784263605634,3616.7206660947363,0,0
581,7766.435520548356,3627.2434457575805,2896.1040013825805,0,0
582,10084.523882693107,4709.88564320195,3760.519210058877,0,0
583,11799.965637900137,5511.067195110882,4400.207483817064,0,0
584,5485.362496648408,2561.8889271570943,2045.4918132708249,0,0
585,22310.382117930956,10419.86212278479,8319.542054158732,0,0
586,15423.182634256835,7203.257913468171,5751.305193089634,0,0
587,8111.21857659054,3788.2712527777285,3024.6736116717266,0,0
588,11396.986443981097,5322.859408404593,4249.936532246676,0,0
589,7974.729892687761,3724.525447794662,2973.7769780038825,0,0
590,11834.35798163175,5527.129828098006,4413.032389661517,0,0
591,17412.316162384082,8132.264731788704,6493.053135868771,0,0
592,12612.129560114647,5890.381007211565,4703.063430883233,0,0
593,13942.509217267476,6511.722789939208,5199.16203857067,0,0
594,12501.986879015683,5838.939864481754,4661.991222325039,0,0
595,10084.619665233056,4709.930377570674,3760.5549273704382,0,0
596,10845.062355060707,5065.088256014872,4044.124025575801,0,0
597,8821.45074026869,4119.978759246012,3289.519203410274,0,0
598,17217.9608543626,8041.492843539083,6420.578036608407,0,0
599,10617.5803979175,4958.844865994742,3959.2959980229157,0,0
600,7035.943324778297,3286.0736745963404,2623.7034431662623,0,0
601,9895.620278156328,4621.6599237424725,3690.077051165381,0,0
602,21717.21933945026,10142.830813528577,8098.351639111307,0,0
603,9405.6168170385,4392.808240362672,3507.354748162928,0,0
604,16724.577461792207,7811.062593753112,6236.595357082095,0,0
605,6358.090037188009,2969.4884292683137,2370.93193513706,0,0
606,20123.912408478238,9398.691226306415,7504.207444389033,0,0
607,14522.828248428643,6782.755543209154,5415.563019918886,0,0
608,21088.44738359343,9849.168560140446,7863.882560922715,0,0
609,27263.435482222223,12733.140885555556,10166.535778555557,0,0
610,8741.738925565282,4082.7500773536044,3259.7946656980603,0,0
611,8693.824686659082,4060.3721655598165,3241.927444802155,0,0
612,9011.438568290956,4208.710855475251,3360.3656692688382,0,0
613,9859.974320223144,4605.011801584142,3676.784672553562,0,0
614,9814.711136987762,4583.872041356908,3659.9060303841297,0,0
615,20565.813322797803,9605.077050395088,7668.992306477883,0,0
616,12072.255679362755,5638.2377955268885,4501.744447142143,0,0
617,5568.979171979318,2600.941338877712,2076.6724736094634,0,0
618,9821.418139624257,4587.0044862590175,3662.407071836343,0,0
619,14923.89790680254,6970.071498614941,5565.121905636357,0,0
620,9807.821458875462,4580.654279526516,3657.3368692423833,0,0
621,21902.76373588461,10229.487645235078,8167.541149218732,0,0
622,8356.343073673595,3902.754431462042,3116.0805428129006,0,0
623,12079.055314688716,5641.413503688551,4504.280031326593,0,0
624,7843.718323767101,3663.3376798117083,2924.9227606509335,0,0
625,11063.617825489357,5167.162611174239,4125.623366007816,0,0
626,8693.26775986974,4060.1120579414546,3241.7197667883706,0,0
627,7975.586390848944,3724.925467511974,2974.0963661897777,0,0
628,10183.066537171013,4755.909098445585,3797.2657683976727,0,0
629,9996.535405087681,4668.791420781375,3727.7083045418703,0,0
630,12509.600255455845,5842.495623068768,4664.83025059149,0,0
631,13504.803086209486,6307.2961014220145,5035.941411265799,0,0
632,16599.539847782613,7752.664907364098,6189.968827666069,0,0
633,19057.16393850014,8900.476004437583,7106.416913044458,0,0
634,7737.40641383695,3613.685664098729,2885.279046758155,0,0
635,12112.682332719784,5657.118698231253,4516.819547198022,0,0
636,17140.382110342547,8005.260393011125,6391.648921007788,0,0
637,17858.843927696114,8340.811484773592,6659.563350809343,0,0
638,7681.128958497537,3587.40178773309,2864.2931822434903,0,0
639,9011.114979533373,4208.559726273578,3360.2450030129785,0,0
640,9623.42914314166,4494.53551668816,3588.576970057235,0,0
641,15685.29359134371,7325.6744646182,5849.046375594413,0,0
642,8212.424938433787,3835.5387684473835,3062.413466554203,0,0
643,22069.57521369669,10307.395436778592,8229.745153499709,0,0
644,11785.053570073242,5504.102648744058,4394.646773348522,0,0
645,17888.40900663959,8354.61958741441,6670.588169492619,0,0
646,7724.448722631819,3607.6338916515606,2880.447123381134,0,0
647,7217.255298928924,3370.753791766591,2691.3146828973986,0,0
648,12984.495670137554,6064.291230045355,4841.918762697082,0,0
649,15222.762761752361,7109.653625243798,5676.568617580691,0,0
650,8186.3794805857215,3823.3744729966334,3052.7011146661257,0,0
651,8421.169258551627,3933.0309146170457,3140.254228788005,0,0
652,8034.796669680969,3752.5790925561414,2996.1758806587654,0,0
653,28510.283064489257,13315.469768435081,10631.48527341247,0,0
654,9560.689979587574,4465.233757960907,3565.1815343864373,0,0
655,9669.721750681896,4516.156060223619,3605.8394845758958,0,0
656,8759.72179700997,4091.148814768094,3266.500478913083,0,0
657,8426.47421868454,3935.508548252348,3142.2324485552917,0,0
658,6407.104603631967,2992.3802390837827,2389.209468199532,0,0
659,20878.40061063669,9751.068115155862,7785.556113992456,0,0
660,14074.526574573792,6573.380302288162,5248.391314437983,0,0
661,12691.472541933816,5927.437429042274,4732.650430803616,0,0
662,11293.659072082413,5274.6012941776435,4211.405752661063,0,0
663,8556.33326201768,3996.1580395867227,3190.6568890876024,0,0
664,4286.92615022639,2002.1700739952255,1598.5948694808285,0,0
665,28424.537344062242,13275.42300546412,10599.510692103826,0,0
666,14562.369359664954,6801.222861477672,5430.307901295628,0,0
667,7974.250489010564,3724.3015466444645,2973.5982083605713,0,0
668,14438.879954156982,6743.548251862467,5384.258698868884,0,0
669,22936.75357860643,10712.403246616112,8553.115987633688,0,0
670,19910.184668866543,9298.871619147896,7424.508364900354,0,0
671,11584.314117157614,5410.349103379947,4319.791026296205,0,0
672,12114.100912104532,5657.7812328987975,4517.348535486352,0,0
673,12990.020096422304,6066.871363361329,4843.97882139792,0,0
674,8277.998966399158,3866.1645249504804,3086.866023235427,0,0
675,11358.822408645337,5305.035240976815,4235.705162507963,0,0
676,16677.045847880283,7788.863383501233,6218.870817056199,0,0
677,13973.48028194288,6526.187545495958,5210.711149368822,0,0
678,10972.003292441397,5124.3748723646995,4091.4603043248853,0,0
679,9337.114662286765,4360.81492873521,3481.810292929258,0,0
680,33787.479865418354,15780.136790712942,12599.352093502288,0,0
681,10948.757492368963,5113.5181317491315,4082.7919448919133,0,0
682,8636.660897782936,4033.6743351346395,3220.6110664893013,0,0
683,11078.394824471106,5174.064074858926,4131.133709300598,0,0
684,7854.839731699779,3668.5318327696095,2929.0699339493694,0,0
685,20126.348382817003,9399.828926082708,7505.115819281363,0,0
686,21382.20115625223,9986.363602026015,7973.423350151892,0,0
687,10154.766179103279,4742.691672247662,3786.712564160842,0,0
688,15760.82071939121,7360.948726467457,5877.210443547152,0,0
689,8317.53273239705,3884.628412691847,3101.6081655725766,0,0
690,28667.29473584127,13388.800649031748,10690.03492961746,1,0
691,8157.261623245683,3809.7752411596193,3041.843064930046,0,0
692,22843.225009638292,10668.721574646625,8518.239181907877,0,0
693,5553.961324210243,2593.927388945901,2071.072317797817,0,0
694,36024.468783789045,16824.90222666155,13433.525317550948,0,0
695,17227.357411845805,8045.881420699539,6424.082013130756,0,0
696,10528.699059985496,4917.333641236481,3926.1521448676217,0,0
697,12350.76375379184,5768.3124719844,4605.600115117157,0,0
698,9837.51733504928,4594.523469830423,3668.4104622161503,0,0
699,30172.93858650794,14091.997987698414,11251.489559484127,1,0
700,6667.654309746738,3114.0676220921646,2486.368460177459,0,0
701,14555.916756679813,6798.209231631135,5427.901725479816,0,0
702,10848.934636269205,5066.896769920188,4045.567999336059,0,0
703,9610.000327120848,4488.263709658164,3583.569364224571,0,0
704,9656.832678666256,4510.136335748093,3601.033149296366,0,0
705,15278.502946612736,7135.686574292969,5697.354133920179,0,0
706,11569.044134267147,5403.217396020795,4314.096849291436,0,0
707,8218.425544596135,3838.341297267119,3064.651092743401,0,0
708,13792.218488588676,6441.530864812684,5143.118622057937,0,0
709,19343.201562219987,9034.067288770377,7213.080350139797,0,0
710,6957.929660823392,3249.638098647596,2594.612145910972,0,0
711,10141.860783510783,4736.664323993248,3781.900141819091,0,0
712,14360.19190483815,6706.797710330765,5354.915923294385,0,0
713,6181.416574842942,2886.974687071534,2305.0503965751413,0,0
714,13052.229183943564,6095.925554873129,4867.176591702716,0,0
715,8308.306646730629,3880.319452851135,3098.167757995004,0,0
716,6389.355638795051,2984.0907456342657,2382.5908787644444,0,0
717,10997.273107401163,5136.176910821829,4100.883418960364,0,0
718,26945.78303747258,12584.784185084854,10048.083173901285,0,0
719,9107.268497020928,4253.467356700754,3396.100652107849,0,0
720,8588.460363891974,4011.162711858372,3202.637086186361,0,0
721,7403.703949796989,3457.832947325431,2760.8413895059484,0,0
722,29151.25168784127,13614.828365031746,10870.50248921746,1,0
723,19114.75466244582,8927.373231024438,7127.892495455501,0,0
724,14145.698481431275,6606.620497482965,5274.9313202991825,0,0
725,11060.74607627302,5165.821386683898,4124.552490652655,0,0
726,10161.273148260487,4745.730693323003,3789.1390131235867,0,0
727,5766.32436138668,2693.1096241787013,2150.2624997139883,0,0
728,11026.96580748231,5150.044617760388,4111.955827569093,0,0
729,22315.876535757052,10422.428240921641,8321.590922704583,0,0
730,12535.886424742577,5854.772340619194,4674.632363781112,0,0
731,15505.774125171838,7241.831522082338,5782.103562133739,0,0
732,8255.234209323386,3855.5324511144345,3078.3770447480356,0,0
733,11107.81875055986,5187.806253335977,4142.105892080788,0,0
734,10928.494452085344,5104.054462107451,4075.2358566593775,0,0
735,21432.815790367647,10010.002708971384,7992.297548489383,0,0
736,8628.11301761492,4029.682125036129,3217.4235617591794,0,0
737,10479.691341162381,4894.445029540375,3907.877165283134,0,0
738,14850.81080179634,6935.936827451867,5537.867722337223,0,0
739,11416.91493068223,5332.166827822329,4257.367865439869,0,0
740,15276.861577557669,7134.919987725514,5696.742067358171,0,0
741,20884.25118811522,9753.80057443615,7787.737794481676,0,0
742,13312.133117948424,6217.311335859973,4964.094775244578,0,0
743,30518.622123650795,14253.446356269842,11380.394959198413,1,0
744,9982.122673783686,4662.06008502,3722.333796675306,0,0
745,9205.653355322449,4299.417114667814,3432.7883682484926,0,0
746,8088.432414700996,3777.6291820170627,3016.17665132874,0,0
747,8121.15662593895,3792.9127288148707,3028.3795105242593,0,0
748,11979.032228087566,5594.698626015448,4466.981419811723,0,0
749,8258.830695372726,3857.212157385827,3079.7181744864924,0,0
750,34338.02787168035,16037.26525614669,12804.651458915163,0,0
751,12270.07420446739,5730.627147982949,4575.510980140112,0,0
752,5989.243607993793,2797.222041522479,2233.3890923929507,0,0
753,12512.497902134673,5843.848942734667,4665.910783111066,0,0
754,9886.612118200788,4617.452744133421,3686.7179080908895,0,0
755,8851.565615807755,4134.0436394127055,3300.749041257902,0,0
756,7917.858764823234,3697.9643020472136,2952.5697329896384,0,0
757,17364.584632299815,8109.9721524972065,6475.254047097171,0,0
758,8840.035105502639,4128.658418892969,3296.4493136744727,0,0
759,15453.023262949302,7217.194709126316,5762.432764281253,0,0
760,9418.6649254368,4398.902241341892,3512.22038811356,0,0
761,13601.641325279232,6352.523524869373,5072.052393055928,0,0
762,21776.96835589104,10170.736051098873,8120.63204884818,0,0
763,7822.172670960468,3653.2749775951443,2916.888386176235,0,0
764,13430.274139047357,6272.488030924578,5008.1495649903745,0,0
765,7301.60223045508,3410.14726303646,2722.767655789652,0,0
766,31900.86801863869,14899.01179613667,11895.83448828195,0,0
767,13397.567438800452,6257.212662476715,4995.953235643859,0,0
768,10053.170264252383,4695.242219370129,3748.827444951994,0,0
769,11439.5789802599,5342.7518671325015,4265.81929009868,0,0
770,6230.601443177919,2909.946034844456,2323.3914352170664,0,0
771,27520.639357249926,12853.26562842496,10262.447110036775,0,0
772,9619.489562632105,4492.695571253151,3587.107900385916,0,0
773,10013.584636978621,4676.754110289064,3734.065963543765,0,0
774,9618.87507588389,4492.4085807767515,3586.878758262017,0,0
775,10025.901606807212,4682.506639614022,3738.6589619033234,0,0
776,9209.883672748147,4301.392846149165,3434.36585372317,0,0
777,12104.867563228197,5653.468880841608,4513.905419457621,0,0
778,11640.327287536138,5436.50954784563,4340.678338942293,0,0
779,9347.083236878974,4365.470661311301,3485.5275746459724,0,0
780,17812.421621979025,8319.130366878033,6642.252471837264,0,0
781,8019.279852248733,3745.332103357405,2990.3896590471486,0,0
782,17732.601481274807,8281.851092306988,6612.487539356619,0,0
783,12060.54261115449,5632.767312990114,4497.3766437120275,0,0
784,8831.93907411971,4124.877240681591,3293.4303033677006,0,0
785,9821.756199012834,4587.1623738379785,3662.533134190866,0,0
786,30005.858210222224,14013.964609555556,11189.185282955557,0,0
787,10889.425435223033,5085.807631245202,4060.667019286601,0,0
788,12202.420284313472,5699.029996650291,4550.282831609351,0,0
789,11215.807353799304,5238.241353489763,4182.374844950867,0,0
790,17318.112836580956,8088.267920744064,6457.924713302184,0,0
791,10768.767327975176,5029.455353867201,4015.6736080524215,0,0
792,20239.226516800343,9452.547637334112,7547.2080782890935,0,0
793,12188.841463044111,5692.6881310260815,4545.219288815722,0,0
794,9739.004282610806,4548.51383995149,3631.6749424786044,0,0
795,8000.856017783718,3736.727418153731,2983.519410710732,0,0
796,12644.861071228843,5905.667963350526,4715.269012202786,0,0
797,8291.864349625577,3872.6402267441645,3092.0364249900663,0,0
798,14941.932185853371,6978.494245486787,5571.846888749005,0,0
799,13239.472987410736,6183.376079259515,4936.999810735516,0,0
800,6569.304664742507,3068.134310177023,2449.693875076262,0,0
801,12563.756822298212,5867.788957649859,4685.025235732143,0,0
802,9421.852109431355,4400.390786791614,3513.408889105469,0,0
803,10701.673630184037,4998.119849320662,3990.6543664548626,0,0
804,25005.341408950335,11678.51847795187,9324.492441712238,0,0
805,12777.849330818524,5967.778926827028,4764.860337556041,0,0
806,12035.838135141646,5621.229310973439,4488.164343984106,0,0
807,8907.577639030966,4160.203548109878,3321.6359261297443,0,0
808,21084.363560499718,9847.261247511493,7862.359703188129,0,0
809,10820.120256645941,5053.439274605185,4034.8231164482145,0,0
810,11259.067995284782,5258.445844710002,4198.506739251282,0,0
811,17685.592701767062,8259.896067133423,6594.957964293222,0,0
812,8144.895830587289,3803.9999095737094,3037.231860536024,0,0
813,7054.214490024174,3294.6070570224374,2630.5167611470147,0,0
814,9442.146082762096,4409.868903433096,3520.9765122720564,0,0
815,10939.08487595191,5109.000623761168,4079.185025986175,0,0
816,13989.37444798429,6533.610771948679,5216.63808428631,0,0
817,15965.864776221057,7456.712698145302,5953.67137750759,0,0
818,15937.573803986266,7443.4996555157395,5943.1216732481,0,0
819,5821.115338488022,2718.6992543316424,2170.694056456206,0,0
820,7213.980631810949,3369.224388115548,2690.09355944656,0,0
821,21367.282853853474,9979.396143858809,7967.860314811347,0,0
822,8569.07514686179,4002.109021625409,3195.408338267158,0,0
823,8952.861351322523,4181.352896247068,3338.522223584742,0,0
824,8224.364698722557,3841.11512546944,3066.865803466853,0,0
825,8480.429148903262,3960.707710272604,3162.352243393906,0,0
826,11348.50897352035,5300.2184444088925,4231.859282289882,0,0
827,12338.697164403266,5762.676880578723,4601.1004836299935,0,0
828,8305.337672970472,3878.932820517208,3097.0606276050025,0,0
829,9566.29834711219,4467.853095273531,3567.2728947777377,0,0
830,14083.084609412603,6577.377255033796,5251.5826058451,0,0
831,17805.413012780853,8315.857059359972,6639.6389612906005,0,0
832,6785.31820621123,3169.021480412872,2530.245330135045,0,0
833,7104.243077466504,3317.9724561711946,2649.17242266534,0,0
834,12691.052865762042,5927.24142308312,4732.4939335485815,0,0
835,10847.55267951584,5066.2513395213,4045.052667627894,0,0
836,13851.412762117108,6469.177014724611,5165.19216814881,0,0
837,6714.388475422615,3135.894391360031,2503.7956317360304,0,0
838,12003.131708857729,5605.954070477511,4475.968116798397,0,0
839,13279.024099764882,6201.848068459635,4951.748421529349,0,0
840,10713.933106240074,5003.845526699303,3995.2259253851857,0,0
841,9543.189755465954,4457.060436612073,3558.6557003703533,0,0
842,14000.153374829004,6538.644972212925,5220.657546378411,0,0
843,16176.585416837024,7555.127866923545,6032.249109704961,0,0
844,12543.91245312244,5858.520824561318,4677.625269966276,0,0
845,9598.97076081471,4483.112450501034,3579.4564386709876,0,0
846,8023.54174114532,3747.322580008604,2991.9789175241167,0,0
847,9311.329240484263,4348.772080766954,3472.1949084891266,0,0
848,11195.356257845084,5228.689854148498,4174.748630754024,0,0
849,7705.90639712884,3598.973866280612,2873.532689733673,0,0
850,11119.371266487122,5193.2017513824485,4146.413825561271,0,0
851,13730.71565480976,6412.806522721663,5120.184213791465,0,0
852,11320.902074117752,5287.3248918066965,4221.564668806761,0,0
853,9148.112195055446,4272.543036348673,3411.3312681344755,0,0
854,35559.8403736508,16607.90173126984,13260.265371698413,1,0
855,6670.998065485819,3115.6292929586393,2487.6153467768486,0,0
856,18913.70592207519,8833.475235752641,7052.921415103419,0,0
857,8887.915522061307,4151.020534265339,3314.3039222161315,0,0
858,12476.509421664816,5827.040848524435,4652.490677836686,0,0
859,9349.615950358551,4366.653542228096,3486.472023566349,0,0
860,15349.893328411872,7169.0288062326945,5723.975609092629,0,0
861,18109.08373102423,8457.683720960715,6752.877779778243,0,0
862,7503.142136433891,3504.274652761911,2797.9218918094075,0,0
863,20278.9067675028,9471.079939431474,7562.004844776267,0,0
864,8574.721772757302,4004.746227164031,3197.51396520593,0,0
865,8507.22567469181,3973.2227852099318,3172.3446685359213,0,0
866,12367.387945397173,5776.076650272101,4611.799276585836,0,0
867,7577.501036917966,3539.003304496801,2825.6503276742988,0,0
868,17795.25753990339,8311.114037630648,6635.8519851986,0,0
869,8382.535160955591,3914.9872088633306,3125.847572820586,0,0
870,9308.821939175356,4347.601068374563,3471.2599357678328,0,0
871,8330.932019420361,3890.8864284707124,3106.604760041328,0,0
872,8256.568872317917,3856.155793391133,3078.87474061234,0,0
873,8732.410942058828,4078.393527048591,3256.316260413372,0,0
874,15444.660551072702,7213.288980203066,5759.3143088116685,0,0
875,11872.645086260936,5545.0114739258515,4427.309651942851,0,0
876,9249.935446557325,4320.098664752299,3449.3011611862057,0,0
877,12634.56144578378,5900.8576164686765,4711.428281614698,0,0
878,9926.680418104565,4636.166281099522,3701.6593781350175,0,0
879,10651.569689251279,4974.719257005934,3971.9706056180567,0,0
880,31955.552419994623,14924.551651051925,11916.226302926018,0,0
881,12758.439167617844,5958.713585710828,4757.622287209231,0,0
882,8637.95308556355,4034.277839746957,3221.092923345265,0,0
883,10176.065698890963,4752.639420264529,3794.6551556265704,0,0
884,6092.6984793749425,2845.5397032292067,2271.9674165387896,0,0
885,9158.112471656244,4277.213575061064,3415.0603715309926,0,0
886,13737.366156331926,6415.912579289499,5122.664185976721,0,0
887,11353.448727042876,5302.525511600894,4233.701316502949,0,0
888,10737.217666032326,5014.720369691347,4003.9087383186547,0,0
889,13261.047514859145,6193.452267116288,4945.044952564861,0,0
890,10732.916869785577,5012.711721714256,4002.304971289831,0,0
891,13852.660857704474,6469.75992647698,5165.6575830248,0,0
892,10246.444205857813,4785.509065218419,3820.899302648554,0,0
893,12007.216653863727,5607.861907085448,4477.491392894103,0,0
894,9877.480272861436,4613.18779838486,3683.3126427336565,0,0
895,15823.997791991147,7390.4550066527445,5900.769175512187,0,0
896,14552.525523574825,6796.625386890448,5426.637134569483,0,0
897,10492.034425972328,4900.209755631109,3912.479901919898,0,0
898,11719.839285054315,5473.6449069294495,4370.3283648210945,0,0
899,14390.327198466883,6720.872126581515,5366.153375048166,0,0
900,20025.561819863746,9352.757473686639,7467.532507415546,0,0
901,16822.418997128167,7856.758597644632,6273.080468075185,0,0
902,14352.809563755796,6703.349854717408,5352.163048118688,0,0
903,9911.198466034322,4628.935575452673,3695.886157817768,0,0
904,8676.2796375957,4052.177909127471,3235.384895564159,0,0
905,14896.001548334365,6957.042756774947,5554.719352860385,0,0
906,11787.607081993785,5505.29524338454,4395.59897800806,0,0
907,9944.597741780546,4644.534405021657,3708.3407485854364,0,0
908,10294.775394685741,4808.081709700942,3838.9220041807826,0,0
909,12855.12343273305,6003.869097015741,4793.67585210783,0,0
910,12255.4398989195,5723.792327975579,4570.053847232414,0,0
911,12107.326289829241,5654.617206856155,4514.8222786691285,0,0
912,15634.228605147733,7301.8250248080085,5830.004240954728,0,0
913,16270.829061784792,7599.143508659918,6067.392567281602,0,0
914,8896.672425307434,4155.110366701416,3317.5693716573487,0,0
915,9453.055801108792,4414.964188685051,3525.044746518543,0,0
916,8763.577063862373,4092.9493822723275,3267.938108019525,0,0
917,7259.958493076542,3390.6979322509924,2707.2387050714733,0,0
918,9351.917975211223,4367.728682108771,3487.3304486919383,0,0
919,22616.40570003261,10562.787668163824,8433.658255638438,0,0
920,7337.65817001463,3426.9868634042195,2736.2129165602773,0,0
921,19109.658591706757,8924.99315729068,7125.992170548447,0,0
922,15575.273839305988,7274.290734794287,5808.020007286256,0,0
923,8123.972859117699,3794.2280250421186,3029.429683947604,0,0
924,13608.701254543554,6355.8208009600285,5074.685040856555,0,0
925,9341.852378540203,4363.027636248543,3483.576987439589,0,0
926,12261.895820130203,5726.807507569343,4572.4612604146205,0,0
927,11718.697549099854,5473.111669481375,4369.902611454896,0,0
928,22122.413637680427,10332.073144662994,8249.448603135152,0,0
929,11837.966891793594,5528.81533693874,4414.378152351838,0,0
930,10297.674440335697,4809.435682743651,3840.003058376728,0,0
931,7085.073853603355,3309.019643592773,2642.0242186035694,0,0
932,10433.600334161918,4872.918641713107,3890.6898276108363,0,0
933,10951.76978574925,5114.924996119722,4083.915229169354,0,0
934,6436.216297222137,3005.9765921971853,2400.0652194731306,0,0
935,13976.226388845818,6527.470089880532,5211.735172702149,0,0
936,8977.644679875468,4192.927725629207,3347.763927426853,0,0
937,9140.965817821749,4269.205385516028,3408.6663838838895,0,0
938,9377.117370853419,4379.497831860722,3496.7273039621195,0,0
939,14803.042538022553,6913.6270920230145,5520.054935571875,0,0
940,12031.91971231703,5619.399247043766,4486.703164014036,0,0
941,9238.421630700075,4314.7212412234,3445.007658962806,0,0
942,11751.028345812862,5488.211475584587,4381.958766364145,0,0
943,15755.362776328,7358.39964353862,5875.175176441302,0,0
944,14634.940633388625,6835.1166183070445,5457.369731096504,0,0
945,9552.254868814001,4461.294215787831,3562.036081366347,0,0
946,11111.579402763738,5189.562631924609,4143.50823938241,0,0
947,9936.871371351066,4640.925873614208,3705.459584857523,0,0
948,13357.720800614818,6238.6026506106655,4981.094423260014,0,0
949,12529.471021821426,5851.776084725989,4672.2400598701,0,0
950,10390.650647760716,4852.859379251721,3874.673888469187,0,0
951,7255.086133382585,3388.4223407369036,2705.421802018778,0,0
952,11094.484669688889,5181.578691500632,4137.133612987888,0,0
953,10307.993853707287,4814.255271397561,3843.851167883117,0,0
954,10637.50674204633,4968.151284743469,3966.7265322508433,0,0
955,19077.41894541699,8909.935922167992,7113.970005634323,0,0
956,8930.92685586039,4171.108588586171,3330.3428496740053,0,0
957,26013.771541152033,12149.49664777704,9700.53606342995,0,0
958,9450.142215872189,4413.603425059942,3523.9582705103703,0,0
959,6813.058953706772,3181.9775455559347,2540.5898555753993,0,0
960,9354.829353113835,4369.0884148185105,3488.41610158521,0,0
961,8276.614197336234,3865.5177810878567,3086.3496428169565,0,0
962,8521.106134142345,3979.7055282176916,3177.5206922149127,0,0
963,8700.65546380397,4063.5624182262645,3244.4746417716688,0,0
964,15422.372761429626,7202.879669691265,5751.003191491953,0,0
965,8870.89245580517,4143.07006518066,3307.9560203801143,0,0
966,17605.343659237038,8222.416477844976,6565.033094310922,0,0
967,16081.476635852714,7510.708171228322,5996.783042878486,0,0
968,10995.021921937221,5135.1255150177085,4100.043951844114,0,0
969,14296.701132740018,6677.144919632932,5331.240212778566,0,0
970,9377.661133195928,4379.7517911432915,3496.930072953348,0,0
971,13070.270343215687,6104.351515090082,4873.904140450058,0,0
972,10217.70673260767,4772.087488329199,3810.1830981491844,0,0
973,10050.498742946602,4693.994509513919,3747.831234589726,0,0
974,10127.023418334376,4729.73466682349,3776.3672879708006,0,0
975,9588.173544201734,4478.069708165993,3575.4301563238414,0,0
976,7741.502443593332,3615.5986777390476,2886.806456357559,0,0
977,11163.934076483305,5214.014408624697,4163.031298532151,0,0
978,19314.67834999633,9020.745780555124,7202.444043582604,0,0
979,5257.884761325848,2455.6475089001024,1960.6653600349648,0,0
980,13085.728465402259,6111.5710912053555,4879.668474603087,0,0
981,16408.985174584115,7663.668071223635,6118.910985226999,0,0
982,17938.601088598414,8378.061345197937,6689.304798120266,0,0
983,18056.060762810943,8432.919823363494,6733.105513594947,0,0
984,13854.748384454182,6470.734886959262,5166.436021802387,0,0
985,10582.880317896705,4942.638507557892,3946.3563373084694,0,0
986,10615.254121381065,4957.758399584574,3958.4285294438396,0,0
987,12663.103726386742,5914.188030397969,4722.071698771013,0,0
988,12889.287472475748,6019.825102690345,4806.415623389062,0,0
989,8823.363468798136,4120.872081800945,3290.2324599271187,0,0
990,7719.4120738445645,3605.2815704027953,2878.5689569214073,0,0
991,10587.264670632818,4944.686179837393,3947.9912625542834,0,0
992,12942.30272451436,6044.58539651799,4826.185012210626,0,0
993,7914.88175798139,3696.5739179351604,2951.4596070632733,0,0
994,13017.35331526168,6079.637095932502,4854.171379392117,0,0
995,10388.72560350097,4851.960304746374,3873.956039416203,0,0
996,12887.331749015957,6018.911699742174,4805.686334061607,0,0
997,11639.605792353861,5436.172580048223,4340.409293370633,0,0
998,36738.70152589723,17158.478167091744,13699.8627250869,0,0
999,9364.492254307897,4373.601385399472,3492.0193976840505,0,0
